{
    "coda_benchmark_literature": {
        "mAR": 12.8,
        "mAP": 9.5,
        "source": "Li et al. ECCV 2022"
    },
    "specialist_only": {
        "model_name": "Specialist Only (Baseline)",
        "mAP_50_95": 0.5145919365197685,
        "mAP_50": 0.6453581721133582,
        "mAP_75": 0.5890069053792178,
        "AR_100": 0.5544003799063846,
        "Precision": 0.9384648836703631,
        "Recall": 0.9780194878767279,
        "F1": 0.9578339991122947,
        "Accuracy": 0.9190800681431005,
        "FPR": 0.061535116329636874,
        "MissRate": 0.02198051212327215,
        "Avg_Latency_ms": 20.73281110574802,
        "FPS": 48.23272613151612
    },
    "generalist_only": {
        "model_name": "Generalist Only",
        "mAP_50_95": 0.00026228146589527646,
        "mAP_50": 0.0006510896905852837,
        "mAP_75": 0.00018525357355020632,
        "AR_100": 0.024648382559774966,
        "Precision": 0.00566528862348798,
        "Recall": 0.016768638114661227,
        "F1": 0.008469241773962804,
        "Accuracy": 0.0042526291592437215,
        "FPR": 0.994334711376512,
        "MissRate": 0.9832313618853388,
        "Avg_Latency_ms": 21.65058967967828,
        "FPS": 46.18811842056302
    },
    "combined_training": {
        "mAP@[0.5:0.95]": 38.52,
        "mAP@0.50": 49.43,
        "mAP@0.75": 43.3,
        "AR@100": 42.76,
        "AP_small": 9.76,
        "AP_medium": 39.42,
        "AP_large": 40.11
    },
    "hybrid_late_nms": {
        "model_name": "Hybrid (Late Fusion)",
        "mAP_50_95": 0.3667071201525965,
        "mAP_50": 0.43661670619348997,
        "mAP_75": 0.42728778771265075,
        "AR_100": 0.4193707410812071,
        "Precision": 0.24892753623188404,
        "Recall": 0.9730342170858827,
        "F1": 0.39643631999261414,
        "Accuracy": 0.2472220622948932,
        "FPR": 0.751072463768116,
        "MissRate": 0.02696578291411738,
        "Avg_Latency_ms": 39.40367292612791,
        "FPS": 25.37834485314989
    },
    "hybrid_separate_nms": {
        "model_name": "Hybrid (Separate NMS)",
        "mAP_50_95": 0.3771121786206035,
        "mAP_50": 0.4485139692919107,
        "mAP_75": 0.4394781675014461,
        "AR_100": 0.4351337335060026,
        "Precision": 0.24671900968536878,
        "Recall": 0.9755268524813052,
        "F1": 0.39383404994968435,
        "Accuracy": 0.2452013441931993,
        "FPR": 0.7532809903146312,
        "MissRate": 0.024473147518694765,
        "Avg_Latency_ms": 39.634403164188065,
        "FPS": 25.230605740609633
    },
    "inference_speed": {
        "hybrid_late_nms": {
            "model_name": "Hybrid (Late Fusion)",
            "avg_latency_ms": 39.40367292612791,
            "std_latency_ms": 2.3186282259789057,
            "fps": 25.37834485314989
        },
        "specialist_only": {
            "model_name": "Specialist Only (Baseline)",
            "avg_latency_ms": 20.73281110574802,
            "std_latency_ms": 1.5311986369332142,
            "fps": 48.23272613151612
        },
        "generalist_only": {
            "model_name": "Generalist Only",
            "avg_latency_ms": 21.65058967967828,
            "std_latency_ms": 1.5677267131319728,
            "fps": 46.18811842056302
        },
        "hybrid_separate_nms": {
            "model_name": "Hybrid (Separate NMS)",
            "avg_latency_ms": 39.634403164188065,
            "std_latency_ms": 1.998731439927871,
            "fps": 25.230605740609633
        }
    }
}